{
    "savings_sums": {
        "pred": 5867, 
        "gross_pred": 12641, 
        "portfolio_rr": 96, 
        "actual": 4739, 
        "gross_actual": 12136
    }, 
    "name": "Utility 7", 
    "savings_by_contractor": {
        "series_pred": {
            "data": [
                148, 
                202, 
                175, 
                121, 
                138, 
                50
            ], 
            "name": "Predicted Yearly Savings"
        }, 
        "xlabels": [
            "Contractor 1", 
            "Contractor 2", 
            "Contractor 3", 
            "Contractor 4", 
            "Contractor 5", 
            "Contractor 6"
        ], 
        "series_counts": [
            1, 
            1, 
            1, 
            24, 
            10, 
            2
        ], 
        "series_actual": {
            "data": [
                231, 
                108, 
                206, 
                96, 
                185, 
                14
            ], 
            "name": "Yearly Savings (Weather Normalized)"
        }
    }, 
    "rr_timeseries": {
        "xlabels": [
            "Q4 2011", 
            "Q1 2012", 
            "Q2 2012", 
            "Q3 2012", 
            "Q4 2012"
        ], 
        "errors": [
            [
                0.53760098811881207, 
                1.4365429859183672
            ], 
            [
                0.62180349731951801, 
                1.0051114011212352
            ], 
            [
                1.9776310973577154, 
                149.00669607676244
            ], 
            [
                0.41114217122226515, 
                1.4767013561063833
            ], 
            [
                0.11702466964677083, 
                1.137545332722544
            ]
        ], 
        "rr": [
            0.98707198701858956, 
            0.81345744922037666, 
            75.492163587060077, 
            0.94392176366432423, 
            0.62728500118465735
        ]
    }, 
    "rr_histogram": {
        "xlabels": [
            "-200% to -175%", 
            "-175% to -150%", 
            "-150% to -125%", 
            "-125% to -100%", 
            "-100% to -75%", 
            "-75% to -50%", 
            "-50% to -25%", 
            "-25% to 0%", 
            "0% to 25%", 
            "25% to 50%", 
            "50% to 75%", 
            "75% to 100%", 
            "100% to 125%", 
            "125% to 150%", 
            "150% to 175%", 
            "175% to 200%"
        ], 
        "dataseries": {
            "data": [
                0, 
                0, 
                1, 
                0, 
                2, 
                2, 
                1, 
                1, 
                4, 
                3, 
                3, 
                4, 
                6, 
                2, 
                3, 
                0
            ], 
            "name": "projects"
        }
    }, 
    "counts": {
        "total_projects": 48, 
        "total_contractors": 6, 
        "total_projects_rr": 39
    }, 
    "slug": "Utility_7"
}