{
    "total_contractors": 6, 
    "total_projects": 48, 
    "latlong": [
        [
            32.68078581, 
            -117.0474112
        ], 
        [
            32.68078581, 
            -117.0474112
        ], 
        [
            32.79285377, 
            -116.96656180000001
        ], 
        [
            32.79285377, 
            -116.96656180000001
        ], 
        [
            32.75950718, 
            -117.0724176
        ], 
        [
            32.99647795, 
            -117.0730811
        ], 
        [
            32.75898954, 
            -117.00994579999998
        ], 
        [
            32.76166332, 
            -117.12501950000001
        ], 
        [
            32.76166332, 
            -117.12501950000001
        ], 
        [
            32.63751827, 
            -117.06119740000001
        ], 
        [
            32.63751827, 
            -117.06119740000001
        ], 
        [
            32.63751827, 
            -117.06119740000001
        ], 
        [
            32.63751827, 
            -117.06119740000001
        ], 
        [
            32.63751827, 
            -117.06119740000001
        ], 
        [
            32.63751827, 
            -117.06119740000001
        ], 
        [
            32.63751827, 
            -117.06119740000001
        ], 
        [
            32.63751827, 
            -117.06119740000001
        ], 
        [
            32.63751827, 
            -117.06119740000001
        ], 
        [
            32.63751827, 
            -117.06119740000001
        ], 
        [
            32.63751827, 
            -117.06119740000001
        ], 
        [
            32.63751827, 
            -117.06119740000001
        ], 
        [
            32.76623318, 
            -117.19883200000001
        ], 
        [
            32.97374067, 
            -117.04347620000001
        ], 
        [
            32.82021706, 
            -117.0985845
        ], 
        [
            32.82021706, 
            -117.0985845
        ], 
        [
            32.91413009, 
            -117.14112490000001
        ], 
        [
            32.57655904, 
            -117.0552993
        ], 
        [
            32.65708672, 
            -116.95815400000001
        ], 
        [
            32.60890014, 
            -117.05853799999998
        ], 
        [
            32.60890014, 
            -117.05853799999998
        ], 
        [
            32.60890014, 
            -117.05853799999998
        ], 
        [
            32.60890014, 
            -117.05853799999998
        ], 
        [
            32.79775824, 
            -117.1709368
        ], 
        [
            32.79775824, 
            -117.1709368
        ], 
        [
            32.79775824, 
            -117.1709368
        ], 
        [
            32.79775824, 
            -117.1709368
        ], 
        [
            32.79775824, 
            -117.1709368
        ], 
        [
            32.823626899999994, 
            -117.1972653
        ], 
        [
            32.823626899999994, 
            -117.1972653
        ], 
        [
            32.823626899999994, 
            -117.1972653
        ], 
        [
            32.823626899999994, 
            -117.1972653
        ], 
        [
            32.823626899999994, 
            -117.1972653
        ], 
        [
            32.74491635, 
            -117.12855390000001
        ], 
        [
            32.71353222, 
            -117.1194262
        ], 
        [
            32.81774247, 
            -116.9205645
        ], 
        [
            32.85768945, 
            -116.91837360000001
        ], 
        [
            32.6958086, 
            -117.1154413
        ], 
        [
            32.80310769, 
            -117.02632309999998
        ]
    ], 
    "name": "Utility 7", 
    "slug": "Utility_7"
}