{
    "total_contractors": 1, 
    "total_projects": 110, 
    "latlong": [
        [
            37.88977274, 
            -122.29691159999999
        ], 
        [
            37.88977274, 
            -122.29691159999999
        ], 
        [
            37.88977274, 
            -122.29691159999999
        ], 
        [
            37.88977274, 
            -122.29691159999999
        ], 
        [
            37.88977274, 
            -122.29691159999999
        ], 
        [
            37.88977274, 
            -122.29691159999999
        ], 
        [
            37.88977274, 
            -122.29691159999999
        ], 
        [
            37.88977274, 
            -122.29691159999999
        ], 
        [
            37.88977274, 
            -122.29691159999999
        ], 
        [
            37.63723597, 
            -122.06781299999999
        ], 
        [
            37.9188701, 
            -122.02826670000002
        ], 
        [
            37.82860245, 
            -122.227167
        ], 
        [
            37.82860245, 
            -122.227167
        ], 
        [
            37.82860245, 
            -122.227167
        ], 
        [
            37.82860245, 
            -122.227167
        ], 
        [
            37.89536106, 
            -122.5347541
        ], 
        [
            37.89536106, 
            -122.5347541
        ], 
        [
            37.91729904, 
            -122.30428090000001
        ], 
        [
            37.91729904, 
            -122.30428090000001
        ], 
        [
            37.91729904, 
            -122.30428090000001
        ], 
        [
            37.91729904, 
            -122.30428090000001
        ], 
        [
            37.91729904, 
            -122.30428090000001
        ], 
        [
            37.91729904, 
            -122.30428090000001
        ], 
        [
            37.91729904, 
            -122.30428090000001
        ], 
        [
            37.91729904, 
            -122.30428090000001
        ], 
        [
            37.91729904, 
            -122.30428090000001
        ], 
        [
            37.91729904, 
            -122.30428090000001
        ], 
        [
            37.91729904, 
            -122.30428090000001
        ], 
        [
            37.91729904, 
            -122.30428090000001
        ], 
        [
            37.46216022, 
            -122.2567804
        ], 
        [
            37.55060146, 
            -122.32737069999999
        ], 
        [
            37.51684886, 
            -122.2939368
        ], 
        [
            37.89596279, 
            -122.2784627
        ], 
        [
            37.89596279, 
            -122.2784627
        ], 
        [
            37.89596279, 
            -122.2784627
        ], 
        [
            37.89596279, 
            -122.2784627
        ], 
        [
            37.89596279, 
            -122.2784627
        ], 
        [
            37.77830199, 
            -122.4909778
        ], 
        [
            37.92690586, 
            -122.33664340000001
        ], 
        [
            37.92690586, 
            -122.33664340000001
        ], 
        [
            37.92690586, 
            -122.33664340000001
        ], 
        [
            37.92690586, 
            -122.33664340000001
        ], 
        [
            37.92690586, 
            -122.33664340000001
        ], 
        [
            37.92690586, 
            -122.33664340000001
        ], 
        [
            37.92690586, 
            -122.33664340000001
        ], 
        [
            37.92690586, 
            -122.33664340000001
        ], 
        [
            37.92690586, 
            -122.33664340000001
        ], 
        [
            37.92690586, 
            -122.33664340000001
        ], 
        [
            37.92690586, 
            -122.33664340000001
        ], 
        [
            37.92690586, 
            -122.33664340000001
        ], 
        [
            37.92690586, 
            -122.33664340000001
        ], 
        [
            37.85714121, 
            -122.2481243
        ], 
        [
            37.85714121, 
            -122.2481243
        ], 
        [
            37.85714121, 
            -122.2481243
        ], 
        [
            37.86342017, 
            -122.27564459999999
        ], 
        [
            37.86342017, 
            -122.27564459999999
        ], 
        [
            37.45483655, 
            -122.18150630000001
        ], 
        [
            37.45483655, 
            -122.18150630000001
        ], 
        [
            37.787632099999996, 
            -122.18896840000001
        ], 
        [
            37.787632099999996, 
            -122.18896840000001
        ], 
        [
            37.37866331, 
            -122.2096916
        ], 
        [
            37.37866331, 
            -122.2096916
        ], 
        [
            37.89404357, 
            -122.26372109999998
        ], 
        [
            37.89404357, 
            -122.26372109999998
        ], 
        [
            37.89404357, 
            -122.26372109999998
        ], 
        [
            37.89404357, 
            -122.26372109999998
        ], 
        [
            37.89404357, 
            -122.26372109999998
        ], 
        [
            37.89404357, 
            -122.26372109999998
        ], 
        [
            37.93722078, 
            -122.53709950000001
        ], 
        [
            37.8110186, 
            -121.9832311
        ], 
        [
            37.71996998, 
            -122.4421837
        ], 
        [
            37.71996998, 
            -122.4421837
        ], 
        [
            37.62479015, 
            -122.42806340000001
        ], 
        [
            37.88028989, 
            -122.17373799999999
        ], 
        [
            37.88028989, 
            -122.17373799999999
        ], 
        [
            37.71867799, 
            -122.4111341
        ], 
        [
            37.57622706, 
            -122.36388640000001
        ], 
        [
            37.76952452, 
            -122.39614909999999
        ], 
        [
            37.74499149, 
            -122.4412563
        ], 
        [
            37.94146881, 
            -122.3248186
        ], 
        [
            37.94146881, 
            -122.3248186
        ], 
        [
            37.94146881, 
            -122.3248186
        ], 
        [
            37.94146881, 
            -122.3248186
        ], 
        [
            37.94146881, 
            -122.3248186
        ], 
        [
            37.9714607, 
            -122.29336359999999
        ], 
        [
            37.9714607, 
            -122.29336359999999
        ], 
        [
            37.87785765, 
            -122.26554979999999
        ], 
        [
            37.80851573, 
            -122.2687063
        ], 
        [
            37.73519937, 
            -122.4578457
        ], 
        [
            37.73519937, 
            -122.4578457
        ], 
        [
            37.83854483, 
            -122.2630374
        ], 
        [
            37.76422139, 
            -122.1661869
        ], 
        [
            37.57331051, 
            -122.04785430000001
        ], 
        [
            37.84335173, 
            -122.2450068
        ], 
        [
            38.26867805, 
            -122.02778789999999
        ], 
        [
            37.95699057, 
            -121.97628600000002
        ], 
        [
            37.81286603, 
            -122.245512
        ], 
        [
            37.76863227, 
            -122.2601622
        ], 
        [
            37.76863227, 
            -122.2601622
        ], 
        [
            37.76863227, 
            -122.2601622
        ], 
        [
            37.97382371, 
            -122.3377567
        ], 
        [
            37.97382371, 
            -122.3377567
        ], 
        [
            37.97382371, 
