{
    "savings_sums": {
        "pred": 107594, 
        "gross_pred": 214937, 
        "portfolio_rr": 12, 
        "actual": 8796, 
        "gross_actual": 26679
    }, 
    "name": "Contractor 12", 
    "rr_timeseries": {
        "xlabels": [
            "Q3 2011", 
            "Q4 2011", 
            "Q1 2012"
        ], 
        "errors": [
            [
                0.054091787013537257, 
                0.31581136094542839
            ], 
            [
                0.41547262720690387, 
                0.64668735082513873
            ], 
            [
                0.2109880195332503, 
                0.71591042941182037
            ]
        ], 
        "rr": [
            0.18495157397948284, 
            0.53107998901602127, 
            0.46344922447253534
        ]
    }, 
    "rr_histogram": {
        "xlabels": [
            "-200% to -175%", 
            "-175% to -150%", 
            "-150% to -125%", 
            "-125% to -100%", 
            "-100% to -75%", 
            "-75% to -50%", 
            "-50% to -25%", 
            "-25% to 0%", 
            "0% to 25%", 
            "25% to 50%", 
            "50% to 75%", 
            "75% to 100%", 
            "100% to 125%", 
            "125% to 150%", 
            "150% to 175%", 
            "175% to 200%"
        ], 
        "dataseries": {
            "data": [
                0, 
                0, 
                0, 
                0, 
                0, 
                0, 
                1, 
                8, 
                21, 
                11, 
                8, 
                5, 
                4, 
                4, 
                0, 
                0
            ], 
            "name": "projects"
        }
    }, 
    "savings_scatter": {
        "plotmax": 716.0371018999997, 
        "dataseries": [
            {
                "color": "rgba(0, 177, 106, .5)", 
                "data": [
                    [
                        106, 
                        154
                    ], 
                    [
                        284, 
                        314
                    ], 
                    [
                        310, 
                        411
                    ], 
                    [
                        25, 
                        84
                    ], 
                    [
                        116, 
                        151
                    ], 
                    [
                        51, 
                        73
                    ], 
                    [
                        24, 
                        191
                    ], 
                    [
                        183, 
                        215
                    ], 
                    [
                        -11, 
                        41
                    ], 
                    [
                        163, 
                        378
                    ], 
                    [
                        289, 
                        318
                    ], 
                    [
                        128, 
                        155
                    ]
                ], 
                "name": "Savings Realized"
            }, 
            {
                "color": "rgba(232, 126, 4, .5)", 
                "data": [
                    [
                        500, 
                        63
                    ], 
                    [
                        226, 
                        35
                    ], 
                    [
                        327, 
                        139
                    ], 
                    [
                        200, 
                        197
                    ], 
                    [
                        8637, 
                        150
                    ], 
                    [
                        640, 
                        236
                    ], 
                    [
                        238, 
                        75
                    ], 
                    [
                        5645, 
                        156
                    ], 
                    [
                        174, 
                        130
                    ], 
                    [
                        568, 
                        15
                    ], 
                    [
                        461, 
                        295
                    ], 
                    [
                        265, 
                        109
                    ], 
                    [
                        1116, 
                        119
                    ], 
                    [
                        870, 
                        109
                    ], 
                    [
                        542, 
                        288
                    ], 
                    [
                        461, 
                        295
                    ], 
                    [
                        393, 
                        41
                    ], 
                    [
                        985, 
                        131
                    ], 
                    [
                        1332, 
                        30
                    ], 
                    [
                        337, 
                        23
                    ], 
                    [
                        280, 
                        169
                    ], 
                    [
                        162, 
                        114
                    ], 
                    [
                        759, 
                        509
                    ], 
                    [
                        805, 
                        11
                    ], 
                    [
                        293, 
                        187
                    ], 
                    [
                        12125, 
                        75
                    ], 
                    [
                        1283, 
                        434
                    ], 
                    [
                        214, 
                        163
                    ], 
                    [
                        685, 
                        211
                    ], 
                    [
                        1107, 
                        58
                    ], 
                    [
                        478, 
                        106
                    ], 
                    [
                        186, 
                        83
                    ], 
                    [
                        216, 
                        168
                    ], 
                    [
                        437, 
                        190
                    ], 
                    [
                        352, 
                        179
                    ], 
                    [
                        220, 
                        38
                    ], 
                    [
                        1469, 
                        0
                    ], 
                    [
                        229, 
                        179
                    ], 
                    [
                        5097, 
                        49
                    ], 
                    [
                        339, 
                        124
                    ], 
                    [
                        866, 
                        79
                    ], 
                    [
                        1075, 
                        196
                    ], 
                    [
                        1848, 
                        716
                    ], 
                    [
                        435, 
                        198
                    ]
                ],