{
    "savings_sums": {
        "pred": 37384, 
        "actual": 32296
    }, 
    "name": "Contractor 12", 
    "savings_by_contractor": {
        "series_pred": {
            "data": [
                356
            ], 
            "name": "Predicted Yearly Savings"
        }, 
        "xlabels": [
            "Contractor 12"
        ], 
        "series_counts": [
            105
        ], 
        "series_actual": {
            "data": [
                307
            ], 
            "name": "Yearly Savings (Weather Normalized)"
        }
    }, 
    "rr_timeseries": {
        "xlabels": [
            "Q3 2011", 
            "Q4 2011", 
            "Q1 2012"
        ], 
        "errors": [
            [
                0.1210026348494333, 
                4.3451444499018885
            ], 
            [
                -4.2396506873645858, 
                2.6223177244376412
            ], 
            [
                1.1429216981786643, 
                2.8842201205030458
            ]
        ], 
        "rr": [
            2.2330735423756609, 
            -0.80866648146347242, 
            2.0135709093408551
        ]
    }, 
    "rr_histogram": {
        "xlabels": [
            "-4.0 to -3.5", 
            "-3.5 to -3.0", 
            "-3.0 to -2.5", 
            "-2.5 to -2.0", 
            "-2.0 to -1.5", 
            "-1.5 to -1.0", 
            "-1.0 to -0.5", 
            "-0.5 to 0.0", 
            "0.0 to 0.5", 
            "0.5 to 1.0", 
            "1.0 to 1.5", 
            "1.5 to 2.0", 
            "2.0 to 2.5", 
            "2.5 to 3.0", 
            "3.0 to 3.5", 
            "3.5 to 4.0"
        ], 
        "dataseries": {
            "data": [
                1, 
                1, 
                2, 
                1, 
                1, 
                3, 
                2, 
                6, 
                3, 
                11, 
                6, 
                5, 
                1, 
                0, 
                2, 
                1
            ], 
            "name": "projects"
        }
    }, 
    "counts": {
        "total_projects": 110, 
        "total_contractors": 1, 
        "total_projects_rr": 77
    }, 
    "slug": "Contractor_12"
}