{
    "savings_sums": {
        "pred": 37384, 
        "gross_pred": 78219, 
        "portfolio_rr": 129, 
        "actual": 32296, 
        "gross_actual": 101069
    }, 
    "name": "Contractor 12", 
    "rr_timeseries": {
        "xlabels": [
            "Q3 2011", 
            "Q4 2011", 
            "Q1 2012"
        ], 
        "errors": [
            [
                0.1210026348494333, 
                4.3451444499018885
            ], 
            [
                -4.2396506873645858, 
                2.6223177244376412
            ], 
            [
                1.1429216981786643, 
                2.8842201205030458
            ]
        ], 
        "rr": [
            2.2330735423756609, 
            -0.80866648146347242, 
            2.0135709093408551
        ]
    }, 
    "rr_histogram": {
        "xlabels": [
            "-400% to -350%", 
            "-350% to -300%", 
            "-300% to -250%", 
            "-250% to -200%", 
            "-200% to -150%", 
            "-150% to -100%", 
            "-100% to -50%", 
            "-50% to 0%", 
            "0% to 50%", 
            "50% to 100%", 
            "100% to 150%", 
            "150% to 200%", 
            "200% to 250%", 
            "250% to 300%", 
            "300% to 350%", 
            "350% to 400%"
        ], 
        "dataseries": {
            "data": [
                1, 
                1, 
                2, 
                1, 
                1, 
                3, 
                2, 
                6, 
                3, 
                11, 
                6, 
                5, 
                1, 
                0, 
                2, 
                1
            ], 
            "name": "projects"
        }
    }, 
    "savings_scatter": {
        "plotmax": 1081.71, 
        "dataseries": [
            {
                "color": "rgba(0, 177, 106, .5)", 
                "data": [
                    [
                        437, 
                        5946
                    ], 
                    [
                        384, 
                        521
                    ], 
                    [
                        148, 
                        158
                    ], 
                    [
                        486, 
                        738
                    ], 
                    [
                        174, 
                        255
                    ], 
                    [
                        332, 
                        1427
                    ], 
                    [
                        368, 
                        2414
                    ], 
                    [
                        408, 
                        2530
                    ], 
                    [
                        785, 
                        3238
                    ], 
                    [
                        494, 
                        1613
                    ], 
                    [
                        380, 
                        675
                    ], 
                    [
                        322, 
                        5178
                    ], 
                    [
                        160, 
                        1133
                    ], 
                    [
                        169, 
                        743
                    ], 
                    [
                        271, 
                        452
                    ], 
                    [
                        274, 
                        3360
                    ], 
                    [
                        185, 
                        1812
                    ], 
                    [
                        209, 
                        1165
                    ], 
                    [
                        417, 
                        1022
                    ], 
                    [
                        148, 
                        453
                    ], 
                    [
                        289, 
                        1206
                    ], 
                    [
                        220, 
                        254
                    ], 
                    [
                        118, 
                        1093
                    ], 
                    [
                        611, 
                        2214
                    ], 
                    [
                        174, 
                        1976
                    ], 
                    [
                        444, 
                        559
                    ], 
                    [
                        116, 
                        1612
                    ], 
                    [
                        245, 
                        2833
                    ], 
                    [
                        111, 
                        1160
                    ], 
                    [
                        417, 
                        751
                    ], 
                    [
                        864, 
                        1683
                    ], 
                    [
                        278, 
                        5835
                    ], 
                    [
                        193, 
                        1365
                    ], 
                    [
                        183, 
                        4324
                    ], 
                    [
                        239, 
                        2576
                    ], 
                    [
                        284, 
                        1965
                    ], 
                    [
                        360, 
                        3286
                    ]
                ], 
                "name": "Savings Realized"
            }, 
            {
                "color": "rgba(232, 126, 4, .5)", 
                "data": [
                    [
                        188, 
                        166
                    ], 
                    [
                        239, 
                        136
                    ], 
                    [
                        673, 
                        507
                    ], 
                    [
                        1015, 
                        782
                    ], 
                    [
                        332, 
                        159
                    ], 
                    [
                        122, 
                        113
                    ], 
                    [
                        585, 
                        582
                    ], 
                    [
                        336, 
                        154
                    ], 
                    [
                        387, 
                        77
                    ], 
                    [
                        1081, 
                        655
                    ], 
                    [
                        666, 
                        626
                    ], 
                    [
                        229, 
                        218
                    ], 
                    [
                        375, 
                        318
                    ], 
                    [
                        243, 
                        159
                    ], 
                    [
                        632, 
                        604
                    ]
                ], 
                "name": "Savings Not Realized"
            }, 
            {
                "color": "rgba(150, 40, 27, .5)",