{
    "savings_sums": {
        "pred": 39104, 
        "gross_pred": 83212, 
        "portfolio_rr": 136, 
        "actual": 45980, 
        "gross_actual": 113694
    }, 
    "name": "Utility 7", 
    "savings_by_contractor": {
        "series_pred": {
            "data": [
                214, 
                37, 
                -951, 
                1102, 
                823, 
                1571
            ], 
            "name": "Predicted Yearly Savings"
        }, 
        "xlabels": [
            "Contractor 1", 
            "Contractor 2", 
            "Contractor 3", 
            "Contractor 4", 
            "Contractor 5", 
            "Contractor 6"
        ], 
        "series_counts": [
            1, 
            1, 
            1, 
            19, 
            10, 
            2
        ], 
        "series_actual": {
            "data": [
                -416, 
                -71, 
                1580, 
                1144, 
                2259, 
                277
            ], 
            "name": "Yearly Savings (Weather Normalized)"
        }
    }, 
    "rr_timeseries": {
        "xlabels": [
            "Q4 2011", 
            "Q1 2012", 
            "Q2 2012", 
            "Q3 2012", 
            "Q4 2012"
        ], 
        "errors": [
            [
                -1.9206834381081077, 
                0.19076314414414397
            ], 
            [
                0.74723011585184906, 
                208.9309509711764
            ], 
            [
                -5.0009139672380876, 
                1.3090915719761649
            ], 
            [
                3.4648709508146061, 
                18.635584358378175
            ], 
            [
                0.13322049651320711, 
                22.941319899159662
            ]
        ], 
        "rr": [
            -0.86496014698198187, 
            104.83909054351412, 
            -1.8459111976309612, 
            11.050227654596391, 
            11.537270197836435
        ]
    }, 
    "rr_histogram": {
        "xlabels": [
            "-400% to -350%", 
            "-350% to -300%", 
            "-300% to -250%", 
            "-250% to -200%", 
            "-200% to -150%", 
            "-150% to -100%", 
            "-100% to -50%", 
            "-50% to 0%", 
            "0% to 50%", 
            "50% to 100%", 
            "100% to 150%", 
            "150% to 200%", 
            "200% to 250%", 
            "250% to 300%", 
            "300% to 350%", 
            "350% to 400%"
        ], 
        "dataseries": {
            "data": [
                0, 
                0, 
                0, 
                0, 
                5, 
                2, 
                2, 
                1, 
                7, 
                2, 
                0, 
                1, 
                3, 
                2, 
                1, 
                0
            ], 
            "name": "projects"
        }
    }, 
    "savings_scatter": {
        "plotmax": 3306.0, 
        "dataseries": [
            {
                "color": "rgba(0, 177, 106, .5)", 
                "data": [
                    [
                        870, 
                        3704
                    ], 
                    [
                        1414, 
                        2922
                    ], 
                    [
                        1, 
                        833
                    ], 
                    [
                        290, 
                        2524
                    ], 
                    [
                        509, 
                        1655
                    ], 
                    [
                        428, 
                        916
                    ], 
                    [
                        187, 
                        13013
                    ], 
                    [
                        847, 
                        1933
                    ], 
                    [
                        327, 
                        920
                    ], 
                    [
                        545, 
                        8321
                    ], 
                    [
                        525, 
                        1425
                    ], 
                    [
                        412, 
                        4962
                    ], 
                    [
                        668, 
                        1079
                    ], 
                    [
                        119, 
                        2730
                    ], 
                    [
                        -951, 
                        1580
                    ]
                ], 
                "name": "Savings Realized"
            }, 
            {
                "color": "rgba(232, 126, 4, .5)", 
                "data": [
                    [
                        2035, 
                        1266
                    ], 
                    [
                        2954, 
                        393
                    ], 
                    [
                        555, 
                        105
                    ], 
                    [
                        3306, 
                        114
                    ], 
                    [
                        1320, 
                        426
                    ], 
                    [
                        2989, 
                        1255
                    ], 
                    [
                        2587, 
                        449
                    ], 
                    [
                        3132, 
                        1976
                    ], 
                    [
                        813, 
                        262
                    ]
                ], 
                "name": "Savings Not Realized"
            }, 
            {
                "color": "rgba(150, 40, 27, .5)", 
                "data": [
                    [
                        861, 
                        -451
                    ], 
                    [
                        624, 
                        -899
                    ], 
                    [
                        146, 
                        -29
                    ], 
                    [
                        84, 
                        -72
                    ], 
                    [
                        36, 
                        -1273
                    ], 
                    [
                        37, 
                        -71
                    ], 
                    [
                        1047, 
                        -1060
                    ], 
                    [
                        214, 
                        -416
                    ], 
                    [
                        167, 
                        -311
                    ], 
                    [
                        2524, 
                        -4208
                    ]
                ], 
                "name": "Negative Savings"
            }
        ]
    }, 
    "counts": {
        "total_projects": 48, 
        "total_contractors": 6, 
        "total_projects_rr": 34
    }, 
    "slug": "Utility_7"
}